Flat-Pot,Flat,Pot,Pop,ID ,No.,Fl_Time,Fl_Node,St_Height,St_Diam,Fl_Length,Fl_Wid,Fl_Height,Brnc_No,Leaf_No,Time_Bud
1-1,1,1,SMG,75,2,3/12/2019,4,4.1,2.6,1.5,2,1.6,7,34,3/5/2019
1-2,1,2,BMP,78,2,3/28/2019,7,8.2,1.1,1.6,1.6,1.5,10,106,3/21/2019
1-3,1,3,OWC,2,1,NA,NA,NA,NA,NA,NA,NA,NA,NA,NA
1-4,1,4,HDM,55,2,3/18/2019,4,15.3,2,1.6,1.8,1.7,3,26,3/8/2019
1-5,1,5,SMG,12,1,4/8/2019,8,8.2,1.1,1.4,1.5,1.4,6,82,3/31/2019
1-6,1,6,MBR,16,2,NA,NA,NA,NA,NA,NA,NA,NA,NA,NA
1-7,1,7,HOV,78,2,NA,NA,NA,NA,NA,NA,NA,NA,NA,NA
1-8,1,8,SMG,83,2,3/3/2019,2,5.9,1.7,1.4,1.1,1.9,1,10,2/24/2019
1-9,1,9,HDM,21,2,3/13/2019,3,4.6,1.7,1.3,1.3,1.2,4,26,3/5/2019
1-10,1,10,BMP,25,2,3/4/2019,2,7.4,1.4,1.2,1.2,1.5,0,10,2/24/2019
1-11,1,11,MTD,86,2,NA,NA,NA,NA,NA,NA,NA,NA,NA,NA
1-12,1,12,MTD,100,1,3/4/2019,3,6.1,1.6,1.5,1.5,1.4,2,14,2/25/2019
1-13,1,13,EVS,9,2,3/10/2019,4,11.3,2.3,1.3,2.1,1.6,7,32,3/1/2019
1-14,1,14,HOV,78,1,NA,NA,NA,NA,NA,NA,NA,NA,NA,NA
1-15,1,15,SMG,41,2,NA,NA,NA,NA,NA,NA,NA,NA,NA,NA
1-16,1,16,RRM,80,1,NA,NA,NA,NA,NA,NA,NA,NA,NA,NA
1-17,1,17,FIR,26,1,NA,NA,NA,NA,NA,NA,NA,NA,NA,NA
1-18,1,18,OWC,76,2,2/28/2019,2,6.9,1.4,1.7,1.7,1.7,4,16,2/21/2019
1-19,1,19,SEC,47,2,NA,NA,NA,NA,NA,NA,NA,NA,NA,NA
1-20,1,20,SMG,72,1,3/28/2019,8,4.1,1.6,1.4,1.7,1.4,12,88,3/13/2019
1-21,1,21,HOV,37,2,3/2/2019,2,7,1.3,1.7,1.6,1.9,2,11,2/23/2019
1-22,1,22,BMP,81,2,3/9/2019,3,4.4,1.9,1.6,1.9,1.7,6,28,3/1/2019
1-23,1,23,OWC,12,1,4/4/2019,5,9.2,2,1.5,1.7,1.7,5,96,3/26/2019
1-24,1,24,MTD,65,1,NA,NA,NA,NA,NA,NA,NA,NA,NA,NA
1-25,1,25,MBR,43,1,3/8/2019,3,6.4,1.8,1.9,2.2,2.3,6,30,3/1/2019
1-26,1,26,HDM,88,1,4/10/2019,4,10.6,1.5,1.6,1.5,1.4,1,14,4/2/2019
1-27,1,27,RRM,58,1,3/5/2019,3,17.1,2.6,2.1,2.3,1.9,5,28,3/1/2019
1-28,1,28,MTD,6,1,3/1/2019,2,5.4,1.6,1.8,2,1.6,4,18,2/21/2019
1-29,1,29,BMP,44,2,3/9/2019,4,6,1.3,1.3,1.8,1.2,8,32,3/1/2019
1-30,1,30,BMP,13,1,3/21/2019,7,6.8,2,1.6,1.3,1.3,8,90,3/12/2019
1-31,1,31,SMG,53,1,3/7/2019,3,2.1,1,1.2,1.7,1.1,5,16,2/27/2019
1-32,1,32,RRM,69,1,3/25/2019,7,8.5,1.1,1.4,1.5,1.7,6,74,3/15/2019
2-1,2,1,FIR,30,2,NA,NA,NA,NA,NA,NA,NA,NA,NA,NA
2-2,2,2,HOV,90,1,3/19/2019,5,10.1,2.3,1.8,1.6,1.8,8,56,3/10/2019
2-3,2,3,MTD,90,2,3/2/2019,3,8.4,1.5,1.5,1.5,1.9,5,22,2/24/2019
2-4,2,4,RRM,68,2,3/8/2019,4,12.1,1.8,1.7,1.7,1.8,6,32,2/28/2019
2-5,2,5,MTD,29,1,3/10/2019,4,3.8,1.4,1.2,1.7,1.3,6,30,3/2/2019
2-6,2,6,MBR,5,2,3/6/2019,3,2.5,1.8,1.3,1.8,1.4,7,30,2/27/2019
2-7,2,7,FIR,28,1,3/19/2019,5,8.4,1.7,1.3,1.5,1.5,5,42,3/10/2019
2-8,2,8,BMP,90,2,3/19/2019,7,12.9,3,1.7,1.8,1.6,2,26,3/16/2019
2-9,2,9,OWC,2,2,3/19/2019,6,8.4,2.6,1.5,1.7,1.8,8,60,3/11/2019
2-10,2,10,BMP,31,1,NA,NA,NA,NA,NA,NA,NA,NA,NA,NA
2-11,2,11,SEC,66,1,3/17/2019,6,10.4,1.6,1.4,1.6,1.3,5,36,3/11/2019
2-12,2,12,OWC,44,1,3/10/2019,4,10,2.4,1.6,2.5,2,2,16,3/3/2019
2-13,2,13,HDM,87,2,3/10/2019,2,3.5,1.5,1.4,1.4,1.2,3,18,3/5/2019
2-14,2,14,RRM,68,1,NA,NA,NA,NA,NA,NA,NA,NA,NA,NA
2-15,2,15,MBR,27,2,NA,NA,NA,NA,NA,NA,NA,NA,NA,NA
2-16,2,16,HDM,87,1,NA,NA,NA,NA,NA,NA,NA,NA,NA,NA
2-17,2,17,SEC,24,1,NA,NA,NA,NA,NA,NA,NA,NA,NA,NA
2-18,2,18,SEC,12,2,NA,NA,NA,NA,NA,NA,NA,NA,NA,NA
2-19,2,19,BMP,29,2,3/3/2019,2,3.8,1.4,1.6,1.5,1.1,4,22,2/24/2019
2-20,2,20,FIR,48,1,3/10/2019,3,2.6,1.2,1.5,1.6,1.1,4,18,3/3/2019
2-21,2,21,SEC,23,2,NA,NA,NA,NA,NA,NA,NA,NA,NA,NA
2-22,2,22,SEC,44,2,3/4/2019,3,6.1,1,1.5,1.6,1.7,6,24,2/25/2019
2-23,2,23,MTD,22,1,2/27/2019,1,2.9,1.9,1.5,1.5,1.4,2,12,2/23/2019
2-24,2,24,FIR,37,1,NA,NA,NA,NA,NA,NA,NA,NA,NA,NA
2-25,2,25,OWC,44,2,3/11/2019,4,13.6,2.5,1.6,2,1.7,4,36,3/5/2019
2-26,2,26,EVS,22,2,NA,NA,NA,NA,NA,NA,NA,NA,NA,NA
2-27,2,27,FIR,81,1,3/2/2019,2,3.9,1.6,1.8,1.8,1.2,1,12,2/24/2019
2-28,2,28,BMP,63,1,3/1/2019,1,4,1.6,1.8,1.3,1.3,2,12,2/24/2019
2-29,2,29,SEC,84,2,4/15/2019,8,6.1,1.4,1.5,1.8,1.4,8,120,4/8/2019
2-30,2,30,MBR,70,2,NA,NA,NA,NA,NA,NA,NA,NA,NA,NA
2-31,2,31,OWC,7,1,3/12/2019,4,12.9,2.1,1.5,2.1,1.7,3,26,3/5/2019
2-32,2,32,EVS,76,1,3/2/2019,1,5.8,1.4,1.4,1.6,1.9,2,16,2/24/2019
3-1,3,1,BMP,44,1,3/28/2019,6,6.4,1.1,1.3,1.3,1.3,8,54,3/21/2019
3-2,3,2,SEC,17,1,NA,NA,NA,NA,NA,NA,NA,NA,NA,NA
3-3,3,3,HDM,77,2,2/28/2019,2,6.3,1.6,1.3,1.8,0.9,4,16,2/23/2019
3-4,3,4,FIR,2,1,3/9/2019,2,7.1,1.5,1.5,1.7,1.6,2,12,3/1/2019
3-5,3,5,SEC,11,2,3/19/2019,6,9.1,2,1.6,1.8,1.8,8,50,3/9/2019
3-6,3,6,EVS,52,2,4/4/2019,5,2.9,1.5,1.5,1.5,1.2,6,52,3/27/2019
3-7,3,7,FIR,72,1,3/6/2019,3,3,1.7,1.2,1.6,1.3,1,10,2/26/2019
3-8,3,8,MBR,52,2,NA,NA,NA,NA,NA,NA,NA,NA,NA,NA
3-9,3,9,MBR,47,2,NA,NA,NA,NA,NA,NA,NA,NA,NA,NA
3-10,3,10,MTD,65,2,NA,NA,NA,NA,NA,NA,NA,NA,NA,NA
3-11,3,11,HOV,57,2,3/23/2019,4,10.7,1.9,2,1.7,1.6,3,22,3/14/2019
3-12,3,12,BMP,29,1,3/12/2019,3,6.4,2.7,1.6,2,1.6,4,32,3/4/2019
3-13,3,13,MBR,95,2,NA,NA,NA,NA,NA,NA,NA,NA,NA,NA
3-14,3,14,FSM,8,1,NA,NA,NA,NA,NA,NA,NA,NA,NA,NA
3-15,3,15,HDM,46,2,NA,NA,NA,NA,NA,NA,NA,NA,NA,NA
3-16,3,16,MBR,51,2,NA,NA,NA,NA,NA,NA,NA,NA,NA,NA
3-17,3,17,MTD,60,1,3/12/2019,4,4.6,1.9,1.3,1.4,1.3,6,64,3/5/2019
3-18,3,18,MBR,39,2,NA,NA,NA,NA,NA,NA,NA,NA,NA,NA
3-19,3,19,EVS,21,2,5/8/2019,10,6.8,1.3,1.9,2.1,1.8,14,116,5/2/2019
3-20,3,20,FIR,11,1,3/2/2019,2,2.8,1.3,1.4,1.4,1.2,2,12,2/24/2019
3-21,3,21,FSM,78,2,3/8/2019,0,8.4,1.6,1.3,1.6,1.3,5,29,2/28/2019
3-22,3,22,RRM,79,2,3/17/2019,7,11.1,2.1,1.6,1.5,1.4,9,48,3/12/2019
3-23,3,23,SEC,62,2,NA,NA,NA,NA,NA,NA,NA,NA,NA,NA
3-24,3,24,FSM,48,1,3/8/2019,3,6.1,1.9,1.6,2,1.5,7,28,3/1/2019
3-25,3,25,SEC,53,2,NA,NA,NA,NA,NA,NA,NA,NA,NA,NA
3-26,3,26,EVS,28,2,NA,NA,NA,NA,NA,NA,NA,NA,NA,NA
3-27,3,27,SEC,29,2,NA,NA,NA,NA,NA,NA,NA,NA,NA,NA
3-28,3,28,SMG,79,2,3/10/2019,4,9.7,1.6,2,1.7,1.7,6,20,3/2/2019
3-29,3,29,FSM,3,2,NA,NA,NA,NA,NA,NA,NA,NA,NA,NA
3-30,3,30,SMG,93,2,3/24/2019,7,6.3,1.5,1.4,1.4,1.1,8,84,3/15/2019
3-31,3,31,HOV,2,2,3/10/2019,4,10.5,1.3,1.4,2,1.7,6,26,3/1/2019
3-32,3,32,EVS,58,2,3/1/2019,3,8.2,1.9,1.7,1.4,1.6,6,28,2/23/2019
4-1,4,1,FSM,57,1,2/26/2019,2,3.6,1.3,1.3,1.3,1.2,0,8,2/21/2019
4-2,4,2,OWC,71,1,3/5/2019,3,7,2.3,1.7,1.9,1.5,4,22,2/26/2019
4-3,4,3,FSM,7,1,3/12/2019,2,5.6,1.7,1.5,1.7,1.5,1,8,3/4/2019
4-4,4,4,FIR,8,1,2/28/2019,2,2.6,1,1.4,1.6,1,0,6,2/22/2019
4-5,4,5,MBR,51,1,3/9/2019,2,6.3,1.5,1.6,1.9,1.6,2,14,2/28/2019
4-6,4,6,FIR,67,2,3/18/2019,5,10.2,1.8,1.2,1.1,1.3,4,40,3/10/2019
4-7,4,7,MTD,59,1,3/7/2019,3,8,1.4,1.5,1.9,1.5,6,30,2/26/2019
4-8,4,8,MBR,15,2,NA,NA,NA,NA,NA,NA,NA,NA,NA,NA
4-9,4,9,OWC,89,2,3/11/2019,4,13.4,2,1.5,2.4,2,8,44,3/3/2019
4-10,4,10,RRM,77,1,3/31/2019,6,4.4,2.2,1.4,1.5,1.6,8,84,3/23/2019
4-11,4,11,MBR,30,1,NA,NA,NA,NA,NA,NA,NA,NA,NA,NA
4-12,4,12,FIR,40,2,3/10/2019,3,46,1.5,1.6,1.6,1.6,5,20,3/1/2019
4-13,4,13,FIR,80,1,NA,NA,NA,NA,NA,NA,NA,NA,NA,NA
4-14,4,14,SEC,86,2,NA,NA,NA,NA,NA,NA,NA,NA,NA,NA
4-15,4,15,HDM,13,1,4/10/2019,6,2.4,2.7,1.4,1.6,1.4,8,94,4/8/2019
4-16,4,16,HOV,94,2,NA,NA,NA,NA,NA,NA,NA,NA,NA,NA
4-17,4,17,BMP,93,1,3/6/2019,3,4.1,1.3,1.2,1.4,1.3,4,26,2/26/2019
4-18,4,18,RRM,32,2,3/9/2019,4,8.6,1.9,1.5,2.1,1.7,6,28,3/2/2019
4-19,4,19,BMP,31,2,3/6/2019,3,4,1.8,1.4,1.3,1.3,7,32,2/26/2019
4-20,4,20,RRM,44,2,3/16/2019,6,7.3,3.1,1.5,1.5,1.2,5,46,3/1/2019
4-21,4,21,RRM,28,2,3/9/2019,4,12.4,2,1.6,2.3,1.8,7,32,3/2/2019
4-22,4,22,MTD,29,2,3/1/2019,2,6.7,1.5,1.2,1.9,1,3,16,2/23/2019
4-23,4,23,BMP,78,1,NA,NA,NA,NA,NA,NA,NA,NA,NA,NA
4-24,4,24,SEC,47,1,NA,NA,NA,NA,NA,NA,NA,NA,NA,NA
4-25,4,25,OWC,23,1,NA,NA,NA,NA,NA,NA,NA,NA,NA,NA
4-26,4,26,EVS,42,1,5/1/2019,11,16.3,2.5,1.5,1.6,1.9,8,106,4/25/2019
4-27,4,27,MTD,90,1,3/18/2019,5,6.4,0.9,1.3,1.7,1.5,6,66,3/8/2019
4-28,4,28,BMP,81,1,3/1/2019,2,5.2,1.4,1.6,1.7,1.4,0,10,2/23/2019
4-29,4,29,HOV,51,2,2/25/2019,2,6.4,1.4,1.6,1.6,1.6,4,20,2/20/2019
4-30,4,30,SEC,29,1,NA,NA,NA,NA,NA,NA,NA,NA,NA,NA
4-31,4,31,MBR,39,1,NA,NA,NA,NA,NA,NA,NA,NA,NA,NA
4-32,4,32,FIR,42,1,NA,NA,NA,NA,NA,NA,NA,NA,NA,NA
5-1,5,1,FSM,60,1,3/7/2019,4,6.7,1.8,1.6,1.8,1.1,3,24,2/27/2019
5-2,5,2,SMG,9,1,3/13/2019,3,5.9,1.7,1.4,1.3,1.1,6,34,3/4/2019
5-3,5,3,BMP,4,2,3/6/2019,2,4.4,1,1.4,1.3,1.3,0,10,2/26/2019
5-4,5,4,FIR,61,1,3/15/2019,6,17.2,2.1,1.9,2,1.8,10,54,3/9/2019
5-5,5,5,OWC,49,1,3/22/2019,8,13.4,1.6,1.5,1.6,1.2,7,54,3/13/2019
5-6,5,6,EVS,71,1,NA,NA,NA,NA,NA,NA,NA,NA,NA,NA
5-7,5,7,HOV,40,1,3/3/2019,3,8.6,1.5,1.5,1.5,1.4,4,18,2/24/2019
5-8,5,8,FIR,1,2,3/15/2019,2,5.2,1.1,1.3,1,1.1,4,118,3/10/2019
5-9,5,9,HDM,50,2,3/20/2019,5,5.2,1.9,1.4,1.3,1.3,6,50,3/10/2019
5-10,5,10,HDM,74,1,3/10/2019,3,7.7,1.2,1.4,1.9,1.2,4,22,3/4/2019
5-11,5,11,EVS,29,1,4/4/2019,3,7.8,0.5,1.5,1.9,1.4,5,92,3/26/2019
5-12,5,12,FIR,2,2,3/21/2019,6,7.1,2.8,1.5,1.8,1.6,9,61,3/11/2019
5-13,5,13,FIR,27,1,NA,NA,NA,NA,NA,NA,NA,NA,NA,NA
5-14,5,14,FSM,72,2,3/1/2019,2,5.6,1.6,1.5,1.8,1.6,3,14,2/24/2019
5-15,5,15,HOV,36,2,2/28/2019,2,5.2,1.3,1.4,1.5,0.8,3,14,2/23/2019
5-16,5,16,FSM,9,1,3/19/2019,6,7,1.4,1.6,1.5,1.5,4,40,3/11/2019
5-17,5,17,HDM,37,2,3/14/2019,3,8.4,1.8,1.4,1.9,1,2,22,3/6/2019
5-18,5,18,MBR,87,1,3/2/2019,2,9.6,2.3,1.5,1.1,1,4,16,2/24/2019
5-19,5,19,RRM,26,1,NA,NA,NA,NA,NA,NA,NA,NA,NA,NA
5-20,5,20,SMG,19,2,3/10/2019,3,8.4,1.9,1.5,1.9,1.6,5,22,3/3/2019
5-21,5,21,MBR,11,1,NA,NA,NA,NA,NA,NA,NA,NA,NA,NA
5-22,5,22,HDM,54,1,3/3/2019,3,7.4,1.8,1.6,1.8,1.8,3,20,2/24/2019
5-23,5,23,HOV,77,2,3/12/2019,3,4.5,1.4,1.5,2,1.6,6,28,3/5/2019
5-24,5,24,BMP,53,1,NA,NA,NA,NA,NA,NA,NA,NA,NA,NA
5-25,5,25,EVS,59,2,NA,NA,NA,NA,NA,NA,NA,NA,NA,NA
5-26,5,26,EVS,54,1,3/8/2019,3,3.5,2.5,1.7,2,1.7,6,32,3/1/2019
5-27,5,27,EVS,87,1,NA,NA,NA,NA,NA,NA,NA,NA,NA,NA
5-28,5,28,HDM,96,1,3/4/2019,2,1.9,1.4,1.3,1.3,1.3,2,14,2/26/2019
5-29,5,29,OWC,86,2,3/9/2019,4,3.4,2.4,1.6,1.7,1.5,4,16,3/4/2019
5-30,5,30,HOV,20,2,3/6/2019,3,10.2,1.7,1.5,1.9,1.5,6,33,2/26/2019
5-31,5,31,SEC,32,1,NA,NA,NA,NA,NA,NA,NA,NA,NA,NA
5-32,5,32,OWC,95,2,3/4/2019,3,6.8,1.8,1.5,1.3,1.4,6,36,2/24/2019
6-1,6,1,FIR,28,2,4/2/2019,7,9.4,1.8,1.3,1.8,1.5,7,86,3/24/2019
6-2,6,2,FSM,45,2,3/8/2019,2,2.7,1.5,1.5,1.4,1.4,4,16,2/28/2019
6-3,6,3,OWC,37,1,NA,NA,NA,NA,NA,NA,NA,NA,NA,NA
6-4,6,4,HOV,49,2,NA,NA,NA,NA,NA,NA,NA,NA,NA,NA
6-5,6,5,SEC,21,1,4/30/2019,4,16.1,1.7,1.8,1.6,1.2,2,18,4/26/2019
6-6,6,6,FSM,98,2,3/6/2019,3,5.8,1.8,1.3,1.3,1.4,3,16,2/26/2019
6-7,6,7,MTD,98,1,3/6/2019,3,8.7,2.3,1.4,1.6,1.5,2,18,2/26/2019
6-8,6,8,FIR,44,1,NA,NA,NA,NA,NA,NA,NA,NA,NA,NA
6-9,6,9,HDM,68,1,3/11/2019,2,5.6,1.4,1.4,2,1.5,0,8,3/3/2019
6-10,6,10,OWC,49,2,4/9/2019,10,13.7,2,1.7,1.4,1.4,10,90,3/28/2019
6-11,6,11,FIR,95,1,3/2/2019,2,4.6,1,1.6,1.9,1.9,0,8,2/24/2019
6-12,6,12,BMP,87,2,3/10/2019,3,8.8,1.5,1.5,1.9,1.4,4,24,2/28/2019
6-13,6,13,SMG,35,2,2/27/2019,1,3.3,0.9,1.2,1.1,0.9,0,4,2/20/2019
6-14,6,14,HOV,79,1,3/14/2019,3,6.2,1.3,1.6,1.2,0.9,2,16,3/4/2019
6-15,6,15,EVS,21,1,4/6/2019,9,7.1,1.2,1.4,0.8,0.7,12,112,4/1/2019
6-16,6,16,HOV,40,2,NA,NA,NA,NA,NA,NA,NA,NA,NA,NA
6-17,6,17,RRM,3,2,3/20/2019,5,5.1,2.2,1.5,1.5,1.4,8,76,3/11/2019
6-18,6,18,SMG,64,1,NA,NA,NA,NA,NA,NA,NA,NA,NA,NA
6-19,6,19,HDM,4,2,NA,NA,NA,NA,NA,NA,NA,NA,NA,NA
6-20,6,20,SEC,8,1,2/26/2019,2,6.8,1.4,1.6,1.3,1.2,0,16,2/21/2019
6-21,6,21,EVS,27,2,3/15/2019,6,6.3,1.5,1.4,1.5,1.1,6,56,3/9/2019
6-22,6,22,EVS,9,1,3/9/2019,3,9.7,1.7,1.8,2.1,1.9,2,14,3/1/2019
6-23,6,23,HOV,89,2,2/26/2019,2,6.2,1.6,1.8,1.5,1.3,0,16,2/20/2019
6-24,6,24,RRM,12,2,3/4/2019,3,9.8,1.3,1.6,1.4,1.4,4,22,2/24/2019
6-25,6,25,FIR,19,1,3/7/2019,3,7.7,1.6,1.6,1.7,1.4,6,28,2/27/2019
6-26,6,26,FSM,2,2,2/26/2019,2,3.3,1.2,1.4,1.7,1.2,2,12,2/22/2019
6-27,6,27,FSM,15,1,3/6/2019,3,4.4,1.9,1.5,1.6,1.3,2,24,2/26/2019
6-28,6,28,SMG,99,2,NA,NA,NA,NA,NA,NA,NA,NA,NA,NA
6-29,6,29,HDM,19,1,3/7/2019,3,9.3,2,1.6,1.7,1.2,5,28,2/26/2019
6-30,6,30,FSM,98,1,2/24/2019,2,5.7,1,1.3,0.8,1.1,2,12,2/20/2019
6-31,6,31,RRM,86,2,3/6/2019,4,10.4,2.4,1.4,1.6,1.6,8,52,2/27/2019
6-32,6,32,RRM,11,2,4/2/2019,7,1.7,3.3,1.3,1.2,1.2,8,130,3/26/2019
7-1,7,1,FIR,61,2,NA,NA,NA,NA,NA,NA,NA,NA,NA,NA
7-2,7,2,EVS,31,2,NA,NA,NA,NA,NA,NA,NA,NA,NA,NA
7-3,7,3,RRM,11,1,NA,NA,NA,NA,NA,NA,NA,NA,NA,NA
7-4,7,4,BMP,16,2,4/5/2019,6,20.5,2.2,2.1,2.1,1.8,10,66,3/29/2019
7-5,7,5,EVS,87,2,4/8/2019,5,7.4,1.3,1.5,1.5,1.6,13,94,3/30/2019
7-6,7,6,SEC,37,1,5/4/2019,13,8.3,1.8,2.1,2,2.1,4,88,4/29/2019
7-7,7,7,RRM,80,2,3/16/2019,6,10.3,1.9,1.8,2.5,1.8,8,52,3/10/2019
7-8,7,8,SMG,72,2,NA,NA,NA,NA,NA,NA,NA,NA,NA,NA
7-9,7,9,BMP,92,1,NA,NA,NA,NA,NA,NA,NA,NA,NA,NA
7-10,7,10,SEC,16,2,3/12/2019,5,4.6,2.9,1.6,1.9,1.5,11,52,3/5/2019
7-11,7,11,EVS,78,2,NA,NA,NA,NA,NA,NA,NA,NA,NA,NA
7-12,7,12,MBR,8,1,NA,NA,NA,NA,NA,NA,NA,NA,NA,NA
7-13,7,13,RRM,32,1,3/12/2019,3,9.8,1.8,2,1.8,1.6,5,20,3/3/2019
7-14,7,14,EVS,43,2,NA,NA,NA,NA,NA,NA,NA,NA,NA,NA
7-15,7,15,FSM,94,1,3/3/2019,1,4.2,1.2,1.3,1.2,1.2,0,6,2/24/2019
7-16,7,16,MTD,97,1,2/23/2019,1,2.5,1.3,1,0.9,0.9,0,6,2/20/2019
7-17,7,17,FIR,80,2,NA,NA,NA,NA,NA,NA,NA,NA,NA,NA
7-18,7,18,RRM,79,1,3/7/2019,4,10.7,1.9,1.4,2.1,1.3,5,24,2/27/2019
7-19,7,19,SMG,36,1,3/3/2019,2,8.3,1.9,1.5,1.4,1.1,2,22,2/24/2019
7-20,7,20,SEC,21,2,NA,NA,NA,NA,NA,NA,NA,NA,NA,NA
7-21,7,21,RRM,89,2,3/14/2019,3,6.1,2.3,1.5,1.6,1.2,6,72,3/6/2019
7-22,7,22,MTD,91,1,3/20/2019,7,6.8,1.9,1.5,1.8,1.7,4,50,3/13/2019
7-23,7,23,OWC,3,2,3/8/2019,4,14.5,2.1,1.8,2,2.4,6,26,2/27/2019
7-24,7,24,MBR,25,2,NA,NA,NA,NA,NA,NA,NA,NA,NA,NA
7-25,7,25,RRM,40,1,4/6/2019,6,16.4,1.9,1.9,1.3,1.5,2,24,3/29/2019
7-26,7,26,HDM,27,1,3/24/2019,5,8.2,1.5,1.6,1.5,1.3,2,34,3/15/2019
7-27,7,27,BMP,87,1,3/3/2019,3,5.3,1,1.4,1.6,1.2,0,10,2/25/2019
7-28,7,28,OWC,67,1,NA,NA,NA,NA,NA,NA,NA,NA,NA,NA
7-29,7,29,MTD,22,2,3/8/2019,3,8.6,1.8,1.6,1.9,1.5,6,34,3/1/2019
7-30,7,30,FSM,85,2,3/6/2019,1,2.5,1,1.2,1.1,1.2,2,10,2/26/2019
7-31,7,31,SMG,14,1,3/3/2019,3,6.2,1.9,1.7,1.7,1.7,5,24,2/26/2019
7-32,7,32,HOV,79,2,2/27/2019,1,4.3,0.7,1,1.2,1.1,0,4,2/21/2019
8-1,8,1,SEC,24,2,NA,NA,NA,NA,NA,NA,NA,NA,NA,NA
8-2,8,2,OWC,89,1,3/6/2019,3,8.6,1.8,1.7,2,1.8,2,16,2/25/2019
8-3,8,3,FSM,5,1,NA,NA,NA,NA,NA,NA,NA,NA,NA,NA
8-4,8,4,SEC,3,1,NA,NA,NA,NA,NA,NA,NA,NA,NA,NA
8-5,8,5,HOV,44,1,4/6/2019,6,5.1,1.2,1.2,1.7,1.6,10,92,3/26/2019
8-6,8,6,HDM,96,2,3/5/2019,2,5.7,1.4,1.5,1.5,1.5,2,12,2/27/2019
8-7,8,7,HOV,17,1,2/26/2019,2,4.6,1,1.2,1.4,1.2,0,8,2/20/2019
8-8,8,8,MTD,50,2,3/14/2019,4,7.5,2.5,1.6,1.9,0.9,6,58,3/7/2019
8-9,8,9,SMG,12,2,4/10/2019,8,7.6,2,1.3,1.1,1.2,6,66,4/5/2019
8-10,8,10,SEC,32,2,3/15/2019,5,4.6,1.2,1.4,1.5,1.3,3,44,3/6/2019
8-11,8,11,MBR,52,1,NA,NA,NA,NA,NA,NA,NA,NA,NA,NA
8-12,8,12,HOV,33,1,NA,NA,NA,NA,NA,NA,NA,NA,NA,NA
8-13,8,13,RRM,41,1,3/31/2019,8,11.2,1.6,1.6,1.5,1.6,8,92,3/23/2019
8-14,8,14,MBR,20,2,NA,NA,NA,NA,NA,NA,NA,NA,NA,NA
8-15,8,15,OWC,92,1,NA,NA,NA,NA,NA,NA,NA,NA,NA,NA
8-16,8,16,RRM,6,2,NA,NA,NA,NA,NA,NA,NA,NA,NA,NA
8-17,8,17,EVS,6,1,3/12/2019,5,16.3,2.3,1.7,1.9,2.1,5,32,3/5/2019
8-18,8,18,FIR,81,2,NA,NA,NA,NA,NA,NA,NA,NA,NA,NA
8-19,8,19,SEC,62,1,NA,NA,NA,NA,NA,NA,NA,NA,NA,NA
8-20,8,20,HOV,77,1,3/1/2019,2,10.2,2.5,1.8,1.8,1.6,2,14,2/23/2019
8-21,8,21,MBR,41,1,NA,NA,NA,NA,NA,NA,NA,NA,NA,NA
8-22,8,22,SMG,19,1,3/6/2019,3,6.8,1.7,1.3,1.5,1.3,3,22,2/26/2019
8-23,8,23,MTD,41,1,3/7/2019,2,6.2,1.8,1.2,1.9,1.1,2,20,3/1/2019
8-24,8,24,EVS,35,1,3/12/2019,3,16.2,2.5,1.8,1.6,1.5,1,14,3/5/2019
8-25,8,25,FIR,40,1,3/3/2019,3,6.1,1.4,1.5,1.6,1.4,6,26,2/24/2019
8-26,8,26,MBR,16,1,3/1/2019,2,4.6,1.5,1.5,1.4,1.4,2,14,2/24/2019
8-27,8,27,MTD,41,2,NA,NA,NA,NA,NA,NA,NA,NA,NA,NA
8-28,8,28,FSM,12,2,2/24/2019,1,3.5,1,1.2,1,1.2,0,6,2/20/2019
8-29,8,29,MBR,42,2,NA,NA,NA,NA,NA,NA,NA,NA,NA,NA
8-30,8,30,SEC,3,2,NA,NA,NA,NA,NA,NA,NA,NA,NA,NA
8-31,8,31,MBR,69,2,NA,NA,NA,NA,NA,NA,NA,NA,NA,NA
8-32,8,32,SMG,36,2,3/1/2019,3,8.2,1.8,1.6,1.5,1.6,5,26,2/23/2019
9-1,9,1,HOV,8,2,3/13/2019,4,11,2.5,1.7,1.6,1.6,5,38,3/8/2019
9-2,9,2,OWC,22,1,3/11/2019,3,11.7,1.3,1.5,1.5,1.5,6,30,3/4/2019
9-3,9,3,HDM,11,2,3/1/2019,1,3.2,1,1.1,1,1,0,4,2/22/2019
9-4,9,4,RRM,21,1,NA,NA,NA,NA,NA,NA,NA,NA,NA,NA
9-5,9,5,MTD,71,2,3/8/2019,3,5.4,1.7,1.5,1.4,1.1,2,16,2/27/2019
9-6,9,6,MTD,45,1,3/4/2019,4,14.7,1.9,1.9,1.5,1,6,28,2/24/2019
9-7,9,7,HDM,89,2,NA,NA,NA,NA,NA,NA,NA,NA,NA,NA
9-8,9,8,BMP,39,2,3/12/2019,4,8.5,2.1,1.6,1.8,1.8,7,44,3/3/2019
9-9,9,9,FIR,37,2,NA,NA,NA,NA,NA,NA,NA,NA,NA,NA
9-10,9,10,HOV,21,2,NA,NA,NA,NA,NA,NA,NA,NA,NA,NA
9-11,9,11,EVS,58,1,3/6/2019,3,11.2,2.2,1.4,1.9,1.5,6,22,2/27/2019
9-12,9,12,SEC,19,1,NA,NA,NA,NA,NA,NA,NA,NA,NA,NA
9-13,9,13,HDM,43,1,3/14/2019,5,3.3,2.8,1.4,1.8,1,8,51,3/5/2019
9-14,9,14,BMP,74,1,NA,NA,NA,NA,NA,NA,NA,NA,NA,NA
9-15,9,15,SMG,9,2,NA,NA,NA,NA,NA,NA,NA,NA,NA,NA
9-16,9,16,MBR,9,2,3/10/2019,5,7.1,1.6,1.6,1.6,1.7,6,38,3/2/2019
9-17,9,17,MTD,13,2,3/29/2019,5,3.7,0.8,1.6,1.5,1.2,10,96,3/21/2019
9-18,9,18,OWC,63,1,NA,NA,NA,NA,NA,NA,NA,NA,NA,NA
9-19,9,19,BMP,58,2,NA,NA,NA,NA,NA,NA,NA,NA,NA,NA
9-20,9,20,EVS,71,2,3/28/2019,5,7.5,1.9,1.5,1.4,1.6,14,78,3/19/2019
9-21,9,21,SMG,98,2,2/26/2019,2,4.7,1.4,1.3,1.2,1.2,0,10,2/20/2019
9-22,9,22,OWC,15,2,3/3/2019,2,5.3,1.2,1.2,1.2,1,0,11,2/26/2019
9-23,9,23,EVS,29,2,NA,NA,NA,NA,NA,NA,NA,NA,NA,NA
9-24,9,24,MTD,72,2,3/8/2019,3,6.7,2.2,1.8,1.8,1.7,4,22,3/2/2019
9-25,9,25,MTD,6,2,2/28/2019,2,2.1,1.1,1.4,1.8,1.3,4,14,2/23/2019
9-26,9,26,FSM,57,2,2/28/2019,2,3.9,1.3,1.6,1.7,1.6,0,12,2/20/2019
9-27,9,27,SMG,58,2,3/13/2019,3,4.5,1.9,1.1,1,0.9,5,30,3/9/2019
9-28,9,28,MBR,77,2,NA,NA,NA,NA,NA,NA,NA,NA,NA,NA
9-29,9,29,HOV,62,1,3/1/2019,2,7.5,1.5,1.7,2,1.8,2,16,2/24/2019
9-30,9,30,EVS,42,2,NA,NA,NA,NA,NA,NA,NA,NA,NA,NA
9-31,9,31,SMG,65,1,3/7/2019,2,3.3,1.3,1.2,1.5,1,2,10,2/27/2019
9-32,9,32,RRM,40,2,3/4/2019,3,6,1.5,1.4,1.2,1.4,6,26,2/25/2019
10-1,10,1,MTD,77,2,3/19/2019,6,5.3,1.6,1.3,1.6,2,7,58,3/10/2019
10-2,10,2,MBR,20,1,3/10/2019,3,10.2,1.8,1.7,1.5,1.4,2,16,3/1/2019
10-3,10,3,MTD,60,2,NA,NA,NA,NA,NA,NA,NA,NA,NA,NA
10-4,10,4,FIR,19,2,3/3/2019,3,10.5,2,1.8,1.7,1.7,6,26,2/24/2019
10-5,10,5,SEC,23,1,NA,NA,NA,NA,NA,NA,NA,NA,NA,NA
10-6,10,6,EVS,6,2,3/11/2019,3,6.6,1.1,1.5,1.7,1.3,4,16,3/3/2019
10-7,10,7,FIR,71,1,3/1/2019,2,6.7,1.8,1.5,1.6,1.5,3,16,2/23/2019
10-8,10,8,BMP,39,1,3/10/2019,4,12.6,1.8,1.8,2.2,2.1,8,40,2/27/2019
10-9,10,9,SMG,93,1,NA,NA,NA,NA,NA,NA,NA,NA,NA,NA
10-10,10,10,SMG,75,1,3/9/2019,3,6.4,2.6,1.7,1.5,1.8,2,16,3/1/2019
10-11,10,11,SEC,68,2,2/24/2019,1,2.9,1.2,1.8,1.3,1.2,0,6,2/20/2019
10-12,10,12,HOV,57,1,NA,NA,NA,NA,NA,NA,NA,NA,NA,NA
10-13,10,13,OWC,31,1,3/9/2019,3,9.4,1.4,1.5,1.9,2.2,3,16,3/1/2019
10-14,10,14,SMG,14,2,4/11/2019,8,8.3,2.6,1.8,1.7,1.6,10,106,4/5/2019
10-15,10,15,FSM,99,2,2/27/2019,1,5,0.9,1.4,1.4,1.3,0,6,2/21/2019
10-16,10,16,RRM,44,1,3/11/2019,4,9.6,1.7,1.4,1.9,1.5,8,40,3/3/2019
10-17,10,17,OWC,54,1,3/4/2019,3,8.5,1.4,1.4,1.5,1.4,2,16,2/24/2019
10-18,10,18,FSM,45,1,3/1/2019,1,4.1,1.3,1.4,1.2,1.2,0,6,2/23/2019
10-19,10,19,HOV,9,1,NA,NA,NA,NA,NA,NA,NA,NA,NA,NA
10-20,10,20,MBR,9,1,NA,NA,NA,NA,NA,NA,NA,NA,NA,NA
10-21,10,21,BMP,19,2,3/4/2019,2,4.9,1.9,1.4,1.3,1.3,2,12,2/25/2019
10-22,10,22,MBR,25,1,NA,NA,NA,NA,NA,NA,NA,NA,NA,NA
10-23,10,23,RRM,9,2,3/7/2019,3,5.3,2.1,1.6,2,1.5,8,31,2/27/2019
10-24,10,24,OWC,86,1,3/6/2019,3,5.7,1.9,1.4,1.3,1.2,5,20,2/27/2019
10-25,10,25,OWC,29,2,NA,NA,NA,NA,NA,NA,NA,NA,NA,NA
10-26,10,26,HDM,55,1,3/2/2019,2,3.7,1.5,1.8,1.3,1.2,0,8,2/23/2019
10-27,10,27,RRM,89,1,3/19/2019,6,5.6,1.5,1.3,1.3,1.4,4,34,3/12/2019
10-28,10,28,MBR,41,2,NA,NA,NA,NA,NA,NA,NA,NA,NA,NA
10-29,10,29,SMG,52,2,NA,NA,NA,NA,NA,NA,NA,NA,NA,NA
10-30,10,30,HDM,61,2,3/6/2019,3,9.4,2.3,1.7,1.7,1.7,6,30,2/27/2019
10-31,10,31,SEC,58,1,NA,NA,NA,NA,NA,NA,NA,NA,NA,NA
10-32,10,32,SMG,52,1,3/11/2019,4,3.4,1.3,1.4,1.6,1.6,4,16,3/4/2019
11-1,11,1,FSM,62,2,3/4/2019,1,4.1,1.3,1.4,1.2,1.2,0,6,2/26/2019
11-2,11,2,SMG,8,2,3/23/2019,7,11.1,2.6,1.7,1.9,1.5,10,60,3/13/2019
11-3,11,3,HOV,64,1,3/6/2019,3,8.1,2.2,1.5,1.7,1.6,2,20,2/26/2019
11-4,11,4,HDM,8,1,NA,NA,NA,NA,NA,NA,NA,NA,NA,NA
11-5,11,5,MTD,44,1,3/10/2019,4,10,2.2,1.6,1.8,1.1,8,46,3/4/2019
11-6,11,6,EVS,54,2,NA,NA,NA,NA,NA,NA,NA,NA,NA,NA
11-7,11,7,EVS,70,2,NA,NA,NA,NA,NA,NA,NA,NA,NA,NA
11-8,11,8,FIR,9,1,3/10/2019,3,5,1.3,1.5,1.5,1.3,2,16,3/1/2019
11-9,11,9,BMP,24,2,3/22/2019,6,6.1,1.2,1.2,1.6,1.3,19,118,3/13/2019
11-10,11,10,MBR,22,1,3/8/2019,3,8.1,1.6,1.7,1.6,1.7,3,20,2/26/2019
11-11,11,11,FSM,68,2,3/10/2019,4,9.6,1.8,1.7,2,1.9,4,26,3/1/2019
11-12,11,12,EVS,43,1,NA,NA,NA,NA,NA,NA,NA,NA,NA,NA
11-13,11,13,HOV,13,2,4/11/2019,9,15.3,1.8,1.8,2,1.8,14,122,4/4/2019
11-14,11,14,RRM,53,2,3/22/2019,5,10.4,1.5,0.7,1.4,1.5,11,78,3/12/2019
11-15,11,15,MBR,79,2,3/27/2019,9,18.2,2.2,1.9,1.7,1.5,16,134,3/16/2019
11-16,11,16,EVS,75,1,NA,NA,NA,NA,NA,NA,NA,NA,NA,NA
11-17,11,17,EVS,8,1,3/23/2019,7,8.9,2.7,1.6,1.8,1.4,8,84,3/15/2019
11-18,11,18,HDM,26,1,NA,NA,NA,NA,NA,NA,NA,NA,NA,NA
11-19,11,19,EVS,80,2,3/20/2019,5,6.1,1.3,1.2,1.1,1.3,10,72,3/14/2019
11-20,11,20,RRM,77,2,3/4/2019,4,10.5,1.6,1.4,1.5,1.5,4,32,2/26/2019
11-21,11,21,OWC,7,2,NA,NA,NA,NA,NA,NA,NA,NA,NA,NA
11-22,11,22,FIR,16,1,NA,NA,NA,NA,NA,NA,NA,NA,NA,NA
11-23,11,23,FIR,24,2,3/25/2019,7,10.2,1.6,1.6,2,1.7,4,46,3/12/2019
11-24,11,24,SEC,11,1,NA,NA,NA,NA,NA,NA,NA,NA,NA,NA
11-25,11,25,HDM,46,1,3/2/2019,2,4.9,1.7,1.4,1.3,1.3,1,12,2/24/2019
11-26,11,26,MBR,94,2,3/4/2019,3,6.5,1.4,1.4,1.5,1.1,0,10,2/24/2019
11-27,11,27,SMG,63,2,3/17/2019,5,5.2,1.8,1.6,1.9,1.6,5,28,3/10/2019
11-28,11,28,BMP,7,2,3/2/2019,1,4.4,1.2,1.2,1,1,0,8,2/24/2019
11-29,11,29,BMP,53,2,NA,NA,NA,NA,NA,NA,NA,NA,NA,NA
11-30,11,30,HDM,67,1,NA,NA,NA,NA,NA,NA,NA,NA,NA,NA
11-31,11,31,FSM,86,1,3/22/2019,5,10.1,2.5,1.8,1.5,1.6,8,64,3/9/2019
11-32,11,32,FSM,62,1,2/24/2019,2,5.7,1.9,1.7,1.5,1.3,4,18,2/20/2019
12-1,12,1,OWC,71,2,3/4/2019,3,14,2.2,1.5,1.6,1.6,3,16,2/26/2019
12-2,12,2,HDM,67,2,3/26/2019,6,8.5,1.2,1.6,1.4,1.8,2,24,3/21/2019
12-3,12,3,SEC,12,1,3/9/2019,3,5.9,1.7,1.4,2.2,1.8,0,10,3/1/2019
12-4,12,4,OWC,12,2,3/4/2019,2,7.5,1,1.1,1.1,1.1,0,10,2/26/2019
12-5,12,5,OWC,61,2,3/10/2019,3,11.7,1.2,1.6,1.6,1.9,6,26,3/1/2019
12-6,12,6,FSM,88,2,3/3/2019,1,2.5,0.7,1.2,1.2,1.2,0,4,2/25/2019
12-7,12,7,HDM,1,1,NA,NA,NA,NA,NA,NA,NA,NA,NA,NA
12-8,12,8,MTD,83,1,3/2/2019,3,6.7,1.7,1.3,1.5,1.2,4,20,2/23/2019
12-9,12,9,EVS,22,1,NA,NA,NA,NA,NA,NA,NA,NA,NA,NA
12-10,12,10,MBR,69,1,NA,NA,NA,NA,NA,NA,NA,NA,NA,NA
12-11,12,11,HDM,19,2,3/15/2019,5,12.8,2.1,1.5,1.6,1.8,6,52,3/7/2019
12-12,12,12,MTD,57,1,3/9/2019,3,5.5,1.9,1.3,1.6,1.2,6,34,3/4/2019
12-13,12,13,SEC,66,2,3/10/2019,4,8.3,1.8,1.7,1.9,1.5,5,24,3/3/2019
12-14,12,14,OWC,66,2,3/9/2019,2,13.8,1.9,1.5,1.3,1.6,2,18,2/28/2019
12-15,12,15,HDM,69,1,3/28/2019,6,7.6,1.3,1.4,2.1,1.9,2,22,3/21/2019
12-16,12,16,SMG,8,1,3/1/2019,2,5.5,1.8,1.9,1.5,1.2,2,16,2/23/2019
12-17,12,17,RRM,14,2,3/17/2019,4,10.8,1.9,1.4,1.4,1.2,6,40,3/10/2019
12-18,12,18,SMG,97,1,NA,NA,NA,NA,NA,NA,NA,NA,NA,NA
12-19,12,19,HOV,94,1,3/3/2019,2,4.8,1.6,1.2,1.1,1.3,0,8,2/24/2019
12-20,12,20,BMP,48,2,3/12/2019,5,10.8,2.5,1.6,1.8,1.6,7,58,3/6/2019
12-21,12,21,EVS,55,1,3/4/2019,2,2.8,1,1.2,0.8,1.1,0,8,2/24/2019
12-22,12,22,HDM,61,1,4/8/2019,6,14.1,2.1,1.6,1.7,1.5,6,90,3/29/2019
12-23,12,23,MTD,14,1,3/3/2019,3,5.2,1.7,1.9,1.6,1.5,4,18,2/25/2019
12-24,12,24,FSM,84,1,2/23/2019,1,2.4,1.1,1.8,0.9,1.3,0,6,2/20/2019
12-25,12,25,MBR,79,1,3/27/2019,8,8.3,1.6,1.8,1.8,1.7,14,96,3/13/2019
12-26,12,26,BMP,98,1,3/4/2019,2,4.5,1.8,1.3,1.6,1.2,2,14,2/25/2019
12-27,12,27,BMP,92,2,NA,NA,NA,NA,NA,NA,NA,NA,NA,NA
12-28,12,28,BMP,76,2,NA,NA,NA,NA,NA,NA,NA,NA,NA,NA
12-29,12,29,EVS,44,2,3/6/2019,4,5.6,1.7,1.4,1.4,1.5,8,44,2/27/2019
12-30,12,30,SMG,65,2,3/19/2019,4,6.1,1.9,1.3,1.2,1.4,2,18,3/11/2019
12-31,12,31,RRM,22,2,3/12/2019,5,8.3,2.1,1.3,2,1.9,5,38,3/2/2019
12-32,12,32,MBR,70,1,NA,NA,NA,NA,NA,NA,NA,NA,NA,NA
13-1,13,1,BMP,33,1,3/7/2019,3,6.3,1.8,1.5,2,1.1,4,16,2/26/2019
13-2,13,2,HOV,2,1,3/8/2019,3,9.3,2.1,1.7,2,1.7,4,26,3/2/2019
13-3,13,3,MBR,13,2,NA,NA,NA,NA,NA,NA,NA,NA,NA,NA
13-4,13,4,SMG,61,2,NA,NA,NA,NA,NA,NA,NA,NA,NA,NA
13-5,13,5,SEC,19,2,NA,NA,NA,NA,NA,NA,NA,NA,NA,NA
13-6,13,6,SMG,16,1,3/9/2019,2,2.9,1.2,1.3,1.2,1.1,0,6,3/1/2019
13-7,13,7,OWC,80,2,3/23/2019,7,14.5,2.5,1.8,2.1,1.8,4,46,3/16/2019
13-8,13,8,OWC,29,1,3/9/2019,4,9.6,2.4,1.7,2,1.7,1,12,3/1/2019
13-9,13,9,FSM,44,1,4/4/2019,5,6.3,1.2,1.2,0.8,0.6,8,92,3/26/2019
13-10,13,10,HOV,44,2,3/1/2019,2,5.6,1.5,1.3,1,1,3,14,2/23/2019
13-11,13,11,EVS,76,2,NA,NA,NA,NA,NA,NA,NA,NA,NA,NA
13-12,13,12,SEC,8,2,3/2/2019,3,8.5,1.7,1.4,1.7,1.4,6,28,2/24/2019
13-13,13,13,FSM,95,1,3/3/2019,3,7.4,2,1.6,1.6,1.7,0,14,2/25/2019
13-14,13,14,FIR,34,1,3/15/2019,4,8.2,2.1,1.5,1.4,1.3,7,46,3/8/2019
13-15,13,15,HDM,37,1,3/10/2019,2,4.2,1.6,1.3,1.4,1.3,1,14,3/3/2019
13-16,13,16,SEC,79,2,NA,NA,NA,NA,NA,NA,NA,NA,NA,NA
13-17,13,17,MBR,42,1,4/2/2019,4,4.3,0.5,1.4,1.2,1.2,3,24,3/24/2019
13-18,13,18,HDM,16,2,3/7/2019,2,4.7,2.5,1.3,1.9,1.4,4,22,2/26/2019
13-19,13,19,MBR,59,1,3/7/2019,3,6.4,2.2,1.5,1.6,1.2,4,34,2/26/2019
13-20,13,20,EVS,99,1,3/6/2019,2,3.7,1.6,1.2,1.3,1.2,4,20,2/27/2019
13-21,13,21,HOV,62,2,3/2/2019,3,8.8,1.8,1.7,1.7,1.6,2,16,2/23/2019
13-22,13,22,OWC,54,2,3/11/2019,5,15.7,2.3,2,2.3,1.9,6,36,2/27/2019
13-23,13,23,MBR,45,2,3/12/2019,4,18.5,3,1.8,1.7,1.6,4,22,3/9/2019
13-24,13,24,OWC,63,2,NA,NA,NA,NA,NA,NA,NA,NA,NA,NA
13-25,13,25,BMP,24,1,3/10/2019,1,7,1.3,1.2,1.3,1.3,8,52,3/2/2019
13-26,13,26,MBR,13,1,NA,NA,NA,NA,NA,NA,NA,NA,NA,NA
13-27,13,27,HDM,71,2,3/3/2019,2,7.7,1.5,1.4,1.5,1.3,0,10,2/25/2019
13-28,13,28,FIR,11,2,NA,NA,NA,NA,NA,NA,NA,NA,NA,NA
13-29,13,29,SEC,30,2,NA,NA,NA,NA,NA,NA,NA,NA,NA,NA
13-30,13,30,FIR,1,1,3/14/2019,3,8.2,2.2,1.7,1.7,1.3,4,35,3/8/2019
13-31,13,31,HOV,21,1,4/3/2019,3,8.2,1.3,1.7,1.8,1.2,0,10,3/28/2019
13-32,13,32,FIR,16,2,NA,NA,NA,NA,NA,NA,NA,NA,NA,NA
14-1,14,1,MTD,44,2,3/19/2019,5,6.1,1.5,1.6,1.8,1.7,4,36,3/10/2019
14-2,14,2,HOV,32,1,3/6/2019,3,7.3,1.4,1.9,1.9,1.3,0,10,2/26/2019
14-3,14,3,SEC,84,1,4/11/2019,7,6.1,1.3,1.5,1.4,1.3,8,106,4/6/2019
14-4,14,4,FIR,4,2,4/2/2019,9,11.2,1.6,1.5,1.6,1.5,8,88,3/24/2019
14-5,14,5,FIR,10,2,3/6/2019,2,4.5,1.5,1.4,1.2,1,0,8,2/26/2019
14-6,14,6,RRM,99,1,3/2/2019,3,9.5,2,1.8,1.5,1.7,3,20,2/24/2019
14-7,14,7,HDM,82,2,3/10/2019,3,6.7,1.9,1.7,1.9,1.8,4,24,3/2/2019
14-8,14,8,OWC,23,2,NA,NA,NA,NA,NA,NA,NA,NA,NA,NA
14-9,14,9,FIR,42,2,4/6/2019,7,10.6,2.2,1.6,2.1,1.8,8,80,3/29/2019
14-10,14,10,OWC,55,1,3/13/2019,4,6.3,1.6,1.2,1.6,1.4,8,34,3/6/2019
14-11,14,11,SMG,97,2,NA,NA,NA,NA,NA,NA,NA,NA,NA,NA
14-12,14,12,MTD,2,2,3/1/2019,1,4.8,1.6,1.3,1.5,1,2,12,2/24/2019
14-13,14,13,HOV,68,2,3/4/2019,3,10.4,2.2,1.5,1.4,1.4,4,20,2/24/2019
14-14,14,14,HOV,30,1,NA,NA,NA,NA,NA,NA,NA,NA,NA,NA
14-15,14,15,BMP,41,2,3/3/2019,2,4.3,1.3,1.3,1.2,1,2,12,2/24/2019
14-16,14,16,FSM,94,2,3/4/2019,3,8.8,1.9,1.5,1.6,1.3,2,16,2/26/2019
14-17,14,17,SEC,55,1,3/10/2019,3,12.7,1.9,1.6,2,1.5,0,10,3/2/2019
14-18,14,18,SEC,27,1,3/8/2019,2,2.1,1.3,1.3,1.8,1.2,2,12,2/27/2019
14-19,14,19,FSM,7,2,3/26/2019,5,7.1,1.9,1.5,1.9,1.8,5,42,3/15/2019
14-20,14,20,FSM,88,1,3/1/2019,1,3.4,1.2,1.3,1.2,1.2,0,4,2/24/2019
14-21,14,21,OWC,69,1,3/21/2019,6,5.4,1.5,1.5,1.4,1.2,6,46,3/12/2019
14-22,14,22,HDM,13,2,NA,NA,NA,NA,NA,NA,NA,NA,NA,NA
14-23,14,23,MTD,37,1,3/7/2019,3,4.1,2,1.2,1.7,1.5,6,29,3/2/2019
14-24,14,24,RRM,12,1,3/1/2019,3,7,1.4,1.4,1.1,1.1,4,24,2/23/2019
14-25,14,25,RRM,57,1,4/12/2019,8,4,2.5,1.8,2.1,1.7,6,98,4/3/2019
14-26,14,26,RRM,99,2,3/2/2019,3,7.9,1.9,1.6,1.9,1.9,0,10,2/24/2019
14-27,14,27,MTD,100,2,3/1/2019,2,4.3,1.6,1.4,1.5,0.9,6,22,2/24/2019
14-28,14,28,MTD,4,1,2/28/2019,3,3.4,1.1,1.3,1.5,1.1,2,16,2/23/2019
14-29,14,29,BMP,8,1,3/1/2019,2,5.8,1.3,1.4,1.4,1.2,2,12,2/24/2019
14-30,14,30,EVS,60,2,3/19/2019,5,3.4,1.3,1.5,1.6,1.7,4,38,3/12/2019
14-31,14,31,FSM,92,2,3/4/2019,3,5.9,1.6,1.6,1.5,1.8,4,20,2/24/2019
14-32,14,32,FSM,35,1,3/3/2019,2,4.3,1.7,1.7,1.7,1.8,0,8,2/24/2019
15-1,15,1,HOV,49,1,NA,NA,NA,NA,NA,NA,NA,NA,NA,NA
15-2,15,2,SMG,64,2,NA,NA,NA,NA,NA,NA,NA,NA,NA,NA
15-3,15,3,FSM,13,1,2/26/2019,1,4.3,1.4,1.5,1.2,1,0,8,2/20/2019
15-4,15,4,OWC,92,2,NA,NA,NA,NA,NA,NA,NA,NA,NA,NA
15-5,15,5,SMG,1,1,3/5/2019,3,8.7,1.7,1.3,1.5,1.3,3,20,2/26/2019
15-6,15,6,MTD,83,2,3/3/2019,3,8,1.8,1.5,1.7,1.4,6,22,2/24/2019
15-7,15,7,RRM,3,1,3/4/2019,4,5,2.2,1.4,1.2,1.5,8,30,2/27/2019
15-8,15,8,EVS,68,2,NA,NA,NA,NA,NA,NA,NA,NA,NA,NA
15-9,15,9,HDM,11,1,3/9/2019,2,10.8,1.4,1.7,1.7,1.5,0,8,2/28/2019
15-10,15,10,HOV,28,2,NA,NA,NA,NA,NA,NA,NA,NA,NA,NA
15-11,15,11,FIR,44,2,NA,NA,NA,NA,NA,NA,NA,NA,NA,NA
15-12,15,12,FIR,70,2,NA,NA,NA,NA,NA,NA,NA,NA,NA,NA
15-13,15,13,FSM,92,1,3/7/2019,3,6.3,2.1,1.7,1.8,1.4,3,25,2/28/2019
15-14,15,14,SEC,20,2,NA,NA,NA,NA,NA,NA,NA,NA,NA,NA
15-15,15,15,SEC,86,1,NA,NA,NA,NA,NA,NA,NA,NA,NA,NA
15-16,15,16,SEC,16,1,2/25/2019,2,3.5,1.5,1.5,1.2,1.2,0,16,2/20/2019
15-17,15,17,FSM,99,1,3/4/2019,2,7.8,2.8,1.4,1.5,1.4,2,14,2/26/2019
15-18,15,18,MBR,56,2,NA,NA,NA,NA,NA,NA,NA,NA,NA,NA
15-19,15,19,BMP,27,1,3/1/2019,2,6.2,1.4,1.5,1.3,1.9,2,14,2/23/2019
15-20,15,20,RRM,33,2,3/11/2019,5,12.8,2.5,1.9,2,1.4,8,56,3/3/2019
15-21,15,21,MTD,42,1,3/2/2019,3,5.3,1.8,1.6,1.7,1.9,6,30,2/25/2019
15-22,15,22,SMG,53,2,3/19/2019,4,0.8,1.7,1,1,1,6,28,3/10/2019
15-23,15,23,HOV,32,2,3/2/2019,2,7.5,2,1.7,1.7,1.9,2,14,2/24/2019
15-24,15,24,MTD,98,2,3/10/2019,5,1.6,4.9,1.7,1.6,1.6,6,48,3/1/2019
15-25,15,25,SEC,20,1,NA,NA,NA,NA,NA,NA,NA,NA,NA,NA
15-26,15,26,MBR,56,1,NA,NA,NA,NA,NA,NA,NA,NA,NA,NA
15-27,15,27,EVS,18,2,NA,NA,NA,NA,NA,NA,NA,NA,NA,NA
15-28,15,28,MTD,97,2,2/28/2019,2,2.5,1.4,1.5,1.6,1.3,2,10,2/23/2019
15-29,15,29,EVS,75,2,3/20/2019,5,3.1,2.7,1.5,1.5,1.4,4,28,3/14/2019
15-30,15,30,SEC,68,1,2/26/2019,2,4.7,1.5,1.3,1.3,1.5,1,14,2/21/2019
15-31,15,31,FSM,5,2,NA,NA,NA,NA,NA,NA,NA,NA,NA,NA
15-32,15,32,FSM,48,2,2/28/2019,2,4.7,1.7,1.7,2.1,1.6,3,22,2/22/2019
16-1,16,1,HDM,84,1,3/6/2019,1,4.2,1.7,1.1,1.1,1.2,0,8,2/25/2019
16-2,16,2,SEC,44,1,NA,NA,NA,NA,NA,NA,NA,NA,NA,NA
16-3,16,3,SMG,24,2,3/14/2019,5,11.1,2,1.6,2,1.3,5,30,3/7/2019
16-4,16,4,SMG,79,1,NA,NA,NA,NA,NA,NA,NA,NA,NA,NA
16-5,16,5,FSM,44,2,3/2/2019,2,5.6,2.7,1.4,1.4,1.3,2,14,2/24/2019
16-6,16,6,FSM,3,1,NA,NA,NA,NA,NA,NA,NA,NA,NA,NA
16-7,16,7,BMP,74,2,NA,NA,NA,NA,NA,NA,NA,NA,NA,NA
16-8,16,8,HDM,84,2,NA,NA,NA,NA,NA,NA,NA,NA,NA,NA
16-9,16,9,RRM,19,1,3/11/2019,4,9.7,1.6,1.7,1.8,1.4,2,16,2/27/2019
16-10,16,10,MTD,32,1,3/3/2019,3,8,2.1,1.5,1.6,1.8,5,24,2/25/2019
16-11,16,11,HDM,88,2,NA,NA,NA,NA,NA,NA,NA,NA,NA,NA
16-12,16,12,OWC,41,2,3/9/2019,4,11.1,1.6,1.4,1.8,1.4,8,32,3/2/2019
16-13,16,13,FIR,95,2,3/2/2019,2,3.9,1,1.5,1.2,1,4,16,2/24/2019
16-14,16,14,OWC,31,2,NA,NA,NA,NA,NA,NA,NA,NA,NA,NA
16-15,16,15,BMP,58,1,2/28/2019,3,3.3,1,1.3,1.5,1,4,16,2/22/2019
16-16,16,16,FIR,27,2,NA,NA,NA,NA,NA,NA,NA,NA,NA,NA
16-17,16,17,HDM,54,2,3/9/2019,3,8.1,3.5,1.6,2.1,1.9,4,24,3/2/2019
16-18,16,18,MTD,50,1,3/4/2019,3,9.3,1.9,1.3,1.4,1.2,6,44,2/24/2019
16-19,16,19,BMP,21,2,3/2/2019,3,7.8,1.7,1.4,1.5,1.4,4,22,2/24/2019
16-20,16,20,MBR,5,1,NA,NA,NA,NA,NA,NA,NA,NA,NA,NA
16-21,16,21,OWC,19,1,3/5/2019,3,11.7,1.9,1.9,1.8,1.7,4,22,2/25/2019
16-22,16,22,MTD,91,2,3/10/2019,5,12.5,2.5,1.4,1.6,1.5,10,68,3/4/2019
16-23,16,23,SMG,34,1,3/20/2019,6,14.8,2.4,1.5,1.8,1.5,11,64,3/11/2019
16-24,16,24,BMP,76,1,3/25/2019,3,10.9,1.5,1.4,1.6,1.3,1,18,3/11/2019
16-25,16,25,HDM,100,2,3/10/2019,4,5.8,2.6,1.5,1.8,1.5,6,36,3/4/2019
16-26,16,26,SMG,58,1,3/4/2019,3,4.4,1.8,1.5,1.5,1.2,5,22,2/25/2019
16-27,16,27,MTD,74,1,3/4/2019,4,7.9,1.9,1.6,1.5,1.4,8,58,2/27/2019
16-28,16,28,HDM,77,1,3/19/2019,6,5.7,2.6,1.6,1.5,1.3,4,48,3/10/2019
16-29,16,29,FSM,86,2,NA,NA,NA,NA,NA,NA,NA,NA,NA,NA
16-30,16,30,OWC,61,1,3/5/2019,3,9.3,1.1,1.6,1.5,1.4,3,16,2/26/2019
16-31,16,31,HOV,68,1,3/20/2019,7,15.4,2,1.7,1.9,1.8,9,50,3/12/2019
16-32,16,32,SMG,88,1,3/9/2019,4,9.1,1.9,1.7,2.2,1.8,4,24,3/2/2019
17-1,17,1,SMG,22,2,NA,NA,NA,NA,NA,NA,NA,NA,NA,NA
17-2,17,2,FIR,10,1,3/1/2019,3,8,1.2,1.6,1.1,1.5,0,10,2/23/2019
17-3,17,3,EVS,59,1,4/26/2019,10,12.3,2.3,1.6,1.6,1.9,12,122,4/21/2019
17-4,17,4,MTD,42,2,3/4/2019,3,8.2,1.7,1.5,1.5,1.3,6,28,2/24/2019
17-5,17,5,RRM,69,2,NA,NA,NA,NA,NA,NA,NA,NA,NA,NA
17-6,17,6,BMP,4,1,3/9/2019,3,7.9,1.8,1.6,2.2,1.6,6,26,2/27/2019
17-7,17,7,OWC,52,1,3/9/2019,4,13.5,2.4,1.7,2.4,2,7,22,2/26/2019
17-8,17,8,FIR,70,1,3/3/2019,3,7.4,1.6,1.5,2,1.4,4,22,2/24/2019
17-9,17,9,EVS,55,2,NA,NA,NA,NA,NA,NA,NA,NA,NA,NA
17-10,17,10,HOV,37,1,2/24/2019,1,5.7,1.2,1,1.1,1,0,4,2/21/2019
17-11,17,11,HDM,8,2,NA,NA,NA,NA,NA,NA,NA,NA,NA,NA
17-12,17,12,HOV,64,2,3/4/2019,3,6.5,2,1.3,1.4,1.3,6,26,2/26/2019
17-13,17,13,MTD,17,2,NA,NA,NA,NA,NA,NA,NA,NA,NA,NA
17-14,17,14,MBR,94,1,2/24/2019,2,6.6,1.5,1.4,1.9,1.2,0,10,2/20/2019
17-15,17,15,SEC,58,2,3/16/2019,5,9.4,3.1,1.3,1.8,1.7,6,56,3/9/2019
17-16,17,16,HDM,69,2,5/2/2019,8,10,4.2,1.2,1.1,0.9,4,52,4/26/2019
17-17,17,17,BMP,90,1,3/1/2019,3,6.6,2,1.7,1.6,1.2,2,16,2/23/2019
17-18,17,18,FIR,34,2,NA,NA,NA,NA,NA,NA,NA,NA,NA,NA
17-19,17,19,HDM,4,1,3/9/2019,3,3.2,2.1,1.6,2.2,1.8,4,22,3/3/2019
17-20,17,20,HOV,73,1,2/24/2019,1,4.7,1.1,1.2,1.2,1.1,0,4,2/20/2019
17-21,17,21,EVS,70,1,NA,NA,NA,NA,NA,NA,NA,NA,NA,NA
17-22,17,22,RRM,10,1,2/28/2019,3,9.1,2.3,1.6,1.8,1.7,4,24,2/22/2019
17-23,17,23,HOV,10,1,3/7/2019,4,11.5,2.4,1.7,2,1.5,4,20,2/27/2019
17-24,17,24,RRM,21,2,3/31/2019,6,8.2,2.5,1.8,2.1,1.9,8,86,3/23/2019
17-25,17,25,FSM,78,1,2/28/2019,2,4.4,1.9,1.5,1.8,1.3,6,20,2/23/2019
17-26,17,26,SMG,99,1,3/12/2019,2,5.7,1.1,1.7,1.7,1.6,1,6,3/4/2019
17-27,17,27,SEC,79,1,4/26/2019,6,9.3,1.4,1.6,1.9,1.7,4,52,4/21/2019
17-28,17,28,SMG,22,1,3/10/2019,4,7.7,1.5,1.9,1.8,1.7,1,20,2/28/2019
17-29,17,29,HDM,26,2,NA,NA,NA,NA,NA,NA,NA,NA,NA,NA
17-30,17,30,RRM,57,2,4/9/2019,7,7.8,3.8,1.7,1.7,1.7,12,85,4/1/2019
17-31,17,31,FIR,71,2,2/24/2019,2,4.4,1.3,1.9,1.3,1.4,2,12,2/20/2019
17-32,17,32,SEC,27,2,3/2/2019,2,4,1.9,1.5,1.6,1.5,2,14,2/24/2019
18-1,18,1,EVS,78,1,NA,NA,NA,NA,NA,NA,NA,NA,NA,NA
18-2,18,2,MTD,74,2,3/12/2019,4,6.6,1.4,1.9,2,1.8,6,46,3/6/2019
18-3,18,3,RRM,6,1,3/24/2019,2,6.4,1.2,1.2,1.2,1.2,2,12,3/10/2019
18-4,18,4,OWC,67,2,NA,NA,NA,NA,NA,NA,NA,NA,NA,NA
18-5,18,5,EVS,35,2,NA,NA,NA,NA,NA,NA,NA,NA,NA,NA
18-6,18,6,FIR,78,1,3/9/2019,2,1.1,1.9,1,1.2,1.1,2,16,3/2/2019
18-7,18,7,MBR,8,2,NA,NA,NA,NA,NA,NA,NA,NA,NA,NA
18-8,18,8,RRM,58,2,3/16/2019,5,12.3,2.7,1.7,1.7,1.6,8,68,3/10/2019
18-9,18,9,BMP,16,1,NA,NA,NA,NA,NA,NA,NA,NA,NA,NA
18-10,18,10,OWC,95,1,3/12/2019,4,4.5,2,1.8,1.8,1.5,4,22,3/5/2019
18-11,18,11,MTD,72,1,3/5/2019,2,10.2,1.7,1.4,1.3,1.2,4,26,2/26/2019
18-12,18,12,OWC,22,2,3/8/2019,3,9.8,1.9,1.5,1.8,1.7,3,22,2/27/2019
18-13,18,13,OWC,19,2,3/4/2019,3,5.2,1.8,1.2,1.1,1.1,2,14,2/26/2019
18-14,18,14,EVS,99,2,3/8/2019,3,5.5,1.8,1.4,1.6,1.4,5,28,2/27/2019
18-15,18,15,HOV,51,1,4/1/2019,7,2,2.7,1.7,1.1,1.3,6,86,3/23/2019
18-16,18,16,MBR,27,1,NA,NA,NA,NA,NA,NA,NA,NA,NA,NA
18-17,18,17,EVS,2,1,NA,NA,NA,NA,NA,NA,NA,NA,NA,NA
18-18,18,18,SMG,16,2,3/11/2019,3,7.2,1.9,1.4,1,1.4,6,26,3/4/2019
18-19,18,19,SMG,88,2,3/15/2019,5,14.3,2.3,1.5,1.8,1.5,0,16,3/9/2019
18-20,18,20,HOV,10,2,2/25/2019,2,4.6,1.6,1.4,1.2,1.3,0,20,2/20/2019
18-21,18,21,HDM,27,2,NA,NA,NA,NA,NA,NA,NA,NA,NA,NA
18-22,18,22,HDM,68,2,NA,NA,NA,NA,NA,NA,NA,NA,NA,NA
18-23,18,23,FIR,9,2,NA,NA,NA,NA,NA,NA,NA,NA,NA,NA
18-24,18,24,OWC,69,2,NA,NA,NA,NA,NA,NA,NA,NA,NA,NA
18-25,18,25,HOV,17,2,2/27/2019,2,6.9,1.5,1.5,1.5,1.2,0,8,2/20/2019
18-26,18,26,MBR,45,1,NA,NA,NA,NA,NA,NA,NA,NA,NA,NA
18-27,18,27,FSM,12,1,2/23/2019,1,3.5,1.5,1.6,0.9,0.8,0,6,2/20/2019
18-28,18,28,HDM,71,1,3/8/2019,2,6.3,2.1,1.5,1.6,1.3,2,16,2/28/2019
18-29,18,29,MBR,11,2,NA,NA,NA,NA,NA,NA,NA,NA,NA,NA
18-30,18,30,MTD,14,2,3/7/2019,3,7.3,2.2,1.4,1.8,1.1,4,23,2/26/2019
18-31,18,31,OWC,37,2,3/4/2019,4,11.1,2.4,1.4,1.5,1.2,8,50,2/26/2019
18-32,18,32,EVS,27,1,3/5/2019,3,4.5,2,1.5,1.7,1.6,6,28,2/25/2019
19-1,19,1,EVS,52,1,3/10/2019,4,8.6,2,1.7,1.5,1.4,4,26,3/2/2019
19-2,19,2,OWC,76,1,3/21/2019,6,10.4,1.8,1.4,1.7,1.3,8,40,3/10/2019
19-3,19,3,BMP,13,2,3/13/2019,3,10.9,1.7,1.7,1.8,1.2,6,28,3/5/2019
19-4,19,4,SEC,73,2,NA,NA,NA,NA,NA,NA,NA,NA,NA,NA
19-5,19,5,MTD,32,2,3/10/2019,4,12.3,2.6,1.7,1.9,1.5,8,48,3/1/2019
19-6,19,6,MTD,59,2,3/12/2019,5,12.2,1.6,1.7,1.4,1.6,9,76,3/4/2019
19-7,19,7,SMG,1,2,3/7/2019,3,6.1,1.2,1.5,1.5,1.1,4,22,2/27/2019
19-8,19,8,FIR,72,2,NA,NA,NA,NA,NA,NA,NA,NA,NA,NA
19-9,19,9,BMP,27,2,3/4/2019,3,9,2.3,1.3,1.3,1.1,0,10,2/26/2019
19-10,19,10,FSM,14,1,2/25/2019,1,2.2,1.2,1.5,1.2,1.1,0,8,2/20/2019
19-11,19,11,FSM,84,2,3/9/2019,3,10.6,2,1.4,1.8,1.5,2,18,3/1/2019
19-12,19,12,SMG,98,1,3/6/2019,4,10.5,1.7,1.5,1.4,1.3,5,32,2/25/2019
19-13,19,13,BMP,68,1,3/4/2019,3,4.5,1.7,1.5,1.4,1.3,6,28,2/25/2019
19-14,19,14,BMP,8,2,3/7/2019,2,5.2,1.1,1.4,0.9,0.9,2,12,2/26/2019
19-15,19,15,HOV,73,2,2/25/2019,1,4.3,1.2,1.2,1,0.9,0,6,2/20/2019
19-16,19,16,MBR,19,1,NA,NA,NA,NA,NA,NA,NA,NA,NA,NA
19-17,19,17,BMP,98,2,NA,NA,NA,NA,NA,NA,NA,NA,NA,NA
19-18,19,18,BMP,63,2,3/15/2019,4,8.6,2.7,1.5,1.4,1.5,5,66,3/11/2019
19-19,19,19,MTD,71,1,3/1/2019,3,10,2.1,1.6,1.6,1.4,4,18,2/23/2019
19-20,19,20,OWC,3,1,2/26/2019,2,5.5,1.1,1.5,1.1,1,0,16,2/20/2019
19-21,19,21,BMP,48,1,3/4/2019,4,7.6,1.4,1.5,1.5,1.1,8,38,2/25/2019
19-22,19,22,FSM,9,2,3/4/2019,2,6.2,1.8,1.8,1.7,1.7,2,14,2/26/2019
19-23,19,23,FSM,35,2,NA,NA,NA,NA,NA,NA,NA,NA,NA,NA
19-24,19,24,FIR,67,1,3/11/2019,3,4.5,1.5,1.3,1.7,1.6,4,28,3/1/2019
19-25,19,25,HOV,28,1,2/25/2019,2,4.7,1.1,1.6,1.2,1.5,0,8,2/20/2019
19-26,19,26,RRM,41,2,3/20/2019,6,6.7,2.9,1.8,1.7,1.4,6,52,3/12/2019
19-27,19,27,MTD,37,2,3/2/2019,3,4.9,1.7,1.5,1.6,1.5,6,24,2/24/2019
19-28,19,28,SMG,63,1,3/11/2019,4,5.9,1.1,1.5,1,1.3,1,14,3/3/2019
19-29,19,29,SMG,91,2,3/2/2019,2,4.6,1,1.3,1,1.1,2,12,2/24/2019
19-30,19,30,EVS,18,1,NA,NA,NA,NA,NA,NA,NA,NA,NA,NA
19-31,19,31,FIR,14,1,4/3/2019,6,4.4,2,1.6,1.5,1.4,5,56,3/22/2019
19-32,19,32,SMG,61,1,NA,NA,NA,NA,NA,NA,NA,NA,NA,NA
20-1,20,1,OWC,15,1,3/11/2019,4,6.8,2,1.6,2.1,1.5,3,18,3/2/2019
20-2,20,2,HDM,82,1,3/7/2019,3,2.3,1.9,1.2,2.1,1.3,3,16,2/27/2019
20-3,20,3,HDM,43,2,3/10/2019,4,8.2,2.4,1.6,2.1,1.9,6,30,3/1/2019
20-4,20,4,FIR,30,1,NA,NA,NA,NA,NA,NA,NA,NA,NA,NA
20-5,20,5,EVS,60,1,NA,NA,NA,NA,NA,NA,NA,NA,NA,NA
20-6,20,6,SMG,83,1,NA,NA,NA,NA,NA,NA,NA,NA,NA,NA
20-7,20,7,SEC,30,1,NA,NA,NA,NA,NA,NA,NA,NA,NA,NA
20-8,20,8,OWC,52,2,3/6/2019,3,10.3,1.5,1.6,1.4,1.6,4,30,2/28/2019
20-9,20,9,HDM,16,1,2/23/2019,2,6.7,1.6,1.3,1.6,1.1,0,8,2/20/2019
20-10,20,10,HOV,89,1,2/25/2019,2,8.5,1.9,1.5,1.3,1.2,2,18,2/20/2019
20-11,20,11,BMP,33,2,3/10/2019,3,5.8,2.2,1.4,1.4,1.5,4,29,3/1/2019
20-12,20,12,SMG,24,1,3/4/2019,3,8.8,1.9,1.5,1.8,1.4,1,14,2/25/2019
20-13,20,13,HOV,20,1,2/27/2019,2,6.9,1.4,1.5,1.6,1.3,0,8,2/22/2019
20-14,20,14,RRM,33,1,3/28/2019,7,9.2,4,1.5,1.8,1.5,7,62,3/21/2019
20-15,20,15,BMP,93,2,3/12/2019,2,8.9,1,1.6,1.9,1.8,4,21,3/2/2019
20-16,20,16,MTD,86,1,3/2/2019,4,8.7,1.8,1.6,1.9,1.5,8,44,2/23/2019
20-17,20,17,SEC,13,2,NA,NA,NA,NA,NA,NA,NA,NA,NA,NA
20-18,20,18,OWC,8,1,3/17/2019,7,14.5,2.3,1.1,1.3,1.1,12,58,3/9/2019
20-19,20,19,HDM,100,1,3/8/2019,4,14.9,2.5,1.8,1.6,1.6,1,16,3/1/2019
20-20,20,20,HDM,21,1,3/3/2019,2,6.4,1.3,1.5,1.5,1.3,0,6,2/24/2019
20-21,20,21,SEC,17,2,NA,NA,NA,NA,NA,NA,NA,NA,NA,NA
20-22,20,22,BMP,68,2,3/12/2019,3,6.9,1.6,1.7,1.7,1.7,6,40,3/2/2019
20-23,20,23,RRM,19,2,3/16/2019,6,17.8,2.5,1.7,1.8,1.7,8,56,3/9/2019
20-24,20,24,MTD,13,1,3/3/2019,4,9.3,2.6,1.5,1.8,1.5,6,40,2/25/2019
20-25,20,25,OWC,80,1,3/8/2019,3,9.4,2.2,1.7,1.5,1.6,0,12,2/28/2019
20-26,20,26,FSM,14,2,NA,NA,NA,NA,NA,NA,NA,NA,NA,NA
20-27,20,27,HDM,74,2,3/15/2019,4,18.5,2,1.4,1.7,1.6,5,28,3/9/2019
20-28,20,28,RRM,86,1,3/10/2019,5,7.1,1.9,1.7,1.7,1.8,8,46,3/1/2019
20-29,20,29,FSM,96,2,3/4/2019,3,7.7,1.7,1.5,1.6,1.7,2,24,2/25/2019
20-30,20,30,RRM,26,2,NA,NA,NA,NA,NA,NA,NA,NA,NA,NA
20-31,20,31,RRM,14,1,3/8/2019,4,9.8,2.2,1.8,2.2,2.1,3,23,2/27/2019
20-32,20,32,OWC,41,1,3/4/2019,3,8.1,1.9,1.4,1.7,1.2,3,18,2/26/2019
21-1,21,1,FSM,8,2,NA,NA,NA,NA,NA,NA,NA,NA,NA,NA
21-2,21,2,EVS,2,2,NA,NA,NA,NA,NA,NA,NA,NA,NA,NA
21-3,21,3,FSM,95,2,2/28/2019,2,7.9,1.3,1.4,1.6,1.3,1,12,2/20/2019
21-4,21,4,MBR,77,1,3/10/2019,4,9.6,1.4,1.9,2.3,2.1,6,26,3/2/2019
21-5,21,5,SMG,91,1,5/4/2019,8,5.5,1.6,1.3,1.5,1.1,12,110,4/28/2019
21-6,21,6,SMG,41,1,3/15/2019,2,7.9,1.3,1.4,1.6,1.4,0,8,3/4/2019
21-7,21,7,HOV,90,2,3/8/2019,4,13.5,1.7,2,2.3,2.1,6,54,2/25/2019
21-8,21,8,HOV,16,2,NA,NA,NA,NA,NA,NA,NA,NA,NA,NA
21-9,21,9,EVS,31,1,NA,NA,NA,NA,NA,NA,NA,NA,NA,NA
21-10,21,10,SEC,37,2,NA,NA,NA,NA,NA,NA,NA,NA,NA,NA
21-11,21,11,HOV,30,2,NA,NA,NA,NA,NA,NA,NA,NA,NA,NA
21-12,21,12,HOV,9,2,NA,NA,NA,NA,NA,NA,NA,NA,NA,NA
21-13,21,13,FSM,96,1,3/2/2019,2,6.3,1.7,1.6,1.6,1.9,3,16,2/23/2019
21-14,21,14,MTD,45,2,3/9/2019,5,11.6,1.5,1.7,2.4,1.9,8,44,3/1/2019
21-15,21,15,FSM,2,1,2/23/2019,1,4.6,1.7,1.6,1.7,1.4,0,8,2/20/2019
21-16,21,16,FSM,85,1,2/23/2019,1,3.6,1.2,1.3,1.3,0.9,0,6,2/20/2019
21-17,21,17,FIR,78,2,NA,NA,NA,NA,NA,NA,NA,NA,NA,NA
21-18,21,18,BMP,41,1,3/5/2019,3,9,1.9,1.9,1.7,1.4,4,26,2/24/2019
21-19,21,19,FSM,13,2,2/28/2019,2,7.7,1.6,1.8,1.9,1.3,4,16,2/20/2019
21-20,21,20,FIR,4,1,NA,NA,NA,NA,NA,NA,NA,NA,NA,NA
21-21,21,21,SEC,14,2,3/13/2019,4,12.3,1.8,1.5,1.6,1.7,6,44,3/4/2019
21-22,21,22,RRM,53,1,3/12/2019,7,17.3,1.6,1.8,1.3,1.3,12,68,3/6/2019
21-23,21,23,SMG,35,1,2/28/2019,3,6.9,1.6,1.6,1.7,1.3,3,18,2/22/2019
21-24,21,24,MTD,77,1,4/21/2019,8,8.5,1.3,1.5,1.4,1.5,10,104,4/11/2019
21-25,21,25,SEC,55,2,3/13/2019,4,3.7,2.8,1.5,1.7,1.5,6,44,3/7/2019
21-26,21,26,HOV,13,1,3/8/2019,2,6.6,0.9,1.6,1.5,1.6,2,10,2/25/2019
21-27,21,27,FIR,8,2,3/4/2019,3,6.8,1.3,1.3,1.1,1.1,4,26,2/26/2019
21-28,21,28,RRM,9,1,3/14/2019,6,13.1,4,1.8,2.3,1.4,6,48,3/6/2019
21-29,21,29,RRM,22,1,3/11/2019,5,12.2,2.3,1.7,1.9,1.5,6,40,3/4/2019
21-30,21,30,MTD,2,1,3/1/2019,3,6.4,1.9,1.8,1.9,1.1,5,40,2/23/2019
21-31,21,31,EVS,80,1,3/1/2019,4,12.5,2,1.8,2.1,1.8,7,52,2/23/2019
21-32,21,32,FIR,14,2,NA,NA,NA,NA,NA,NA,NA,NA,NA,NA
22-1,22,1,MBR,43,2,3/15/2019,3,15.2,2.8,1.6,1.8,1.8,0,12,3/5/2019
22-2,22,2,MBR,47,1,3/6/2019,3,5.5,1.9,1.6,1.5,1.3,3,20,2/27/2019
22-3,22,3,FIR,26,2,3/12/2019,4,6.1,1.6,1.7,1.6,1.6,6,38,3/5/2019
22-4,22,4,EVS,68,1,3/3/2019,2,3.8,1.4,1.4,1.2,1.3,3,16,2/24/2019
22-5,22,5,HOV,33,2,NA,NA,NA,NA,NA,NA,NA,NA,NA,NA
22-6,22,6,RRM,67,1,3/8/2019,4,10.1,3,1.8,2.2,1.9,6,34,2/27/2019
22-7,22,7,BMP,21,1,3/9/2019,4,7.7,1.5,1.5,1.9,1.4,8,38,3/1/2019
22-8,22,8,HOV,36,1,3/3/2019,2,6.5,1.3,1.4,1.3,1.2,0,8,2/24/2019
22-9,22,9,RRM,67,2,3/10/2019,4,11,2.3,1.8,2.2,1.6,10,52,3/2/2019
22-10,22,10,MTD,57,2,2/26/2019,2,3.8,1.6,1.5,1.3,1.1,1,10,2/21/2019
22-11,22,11,HOV,8,1,3/7/2019,4,9.4,2.3,1.7,2.1,1.7,6,28,2/25/2019
22-12,22,12,HDM,89,1,NA,NA,NA,NA,NA,NA,NA,NA,NA,NA
22-13,22,13,MBR,30,2,NA,NA,NA,NA,NA,NA,NA,NA,NA,NA
22-14,22,14,MBR,19,2,NA,NA,NA,NA,NA,NA,NA,NA,NA,NA
22-15,22,15,MBR,59,2,3/4/2019,3,9.3,1.6,1.8,1.6,1.6,2,16,2/24/2019
22-16,22,16,MTD,4,2,3/27/2019,8,5.1,1.8,1.6,1.8,1.5,10,102,3/20/2019
22-17,22,17,FSM,60,2,3/4/2019,2,6.5,2,1.4,1.7,1.3,2,22,2/25/2019
22-18,22,18,SEC,14,1,3/9/2019,3,9.6,1.7,1.3,1.8,1.5,3,18,2/28/2019
22-19,22,19,OWC,8,2,3/19/2019,5,13.3,2.1,1.6,1.5,1.5,8,50,3/11/2019
22-20,22,20,RRM,10,2,3/1/2019,3,5.6,1.3,1.7,1.6,1.4,4,20,2/23/2019
22-21,22,21,EVS,28,1,3/31/2019,4,11.8,1.8,1.6,1.8,1.4,5,46,3/21/2019
22-22,22,22,EVS,8,2,3/28/2019,7,12.6,2.3,1.8,1.9,1.8,8,84,3/20/2019
22-23,22,23,MTD,17,1,3/4/2019,4,8.3,2.2,1.4,1.8,1.8,8,48,2/24/2019
22-24,22,24,HDM,1,2,3/22/2019,5,13.2,1.1,1.5,1.7,1.8,6,44,3/13/2019
22-25,22,25,SEC,13,1,NA,NA,NA,NA,NA,NA,NA,NA,NA,NA
22-26,22,26,RRM,85,1,3/11/2019,5,10.1,2,1.8,1.3,1.9,5,50,3/8/2019
22-27,22,27,BMP,25,1,3/3/2019,2,5.2,1.7,1.5,1.4,1.2,0,10,2/24/2019
22-28,22,28,MBR,22,2,3/10/2019,3,1.9,1,1.5,1.5,1.5,5,34,2/28/2019
22-29,22,29,RRM,28,1,3/11/2019,4,4.1,1.5,1.6,1.2,1.4,6,26,3/8/2019
22-30,22,30,FSM,15,2,3/17/2019,4,8,2,1.7,1.8,1.7,4,28,3/10/2019
22-31,22,31,OWC,55,2,NA,NA,NA,NA,NA,NA,NA,NA,NA,NA
22-32,22,32,SMG,34,2,3/5/2019,3,6.1,1.7,1.5,1.5,1.3,4,24,2/26/2019
23-1,23,1,RRM,85,2,3/14/2019,5,3.5,7.5,1.6,2.1,1.4,3,43,3/7/2019
23-2,23,2,FSM,68,1,3/9/2019,3,4.5,1.7,1.6,2.2,1.9,6,20,3/1/2019
23-3,23,3,FIR,48,2,NA,NA,NA,NA,NA,NA,NA,NA,NA,NA
23-4,23,4,MBR,95,1,NA,NA,NA,NA,NA,NA,NA,NA,NA,NA
23-5,23,5,SEC,53,1,NA,NA,NA,NA,NA,NA,NA,NA,NA,NA
23-6,23,6,HOV,16,1,2/28/2019,3,4.8,1,1.2,1.5,1.4,0,9,2/22/2019
23-7,23,7,SEC,73,1,NA,NA,NA,NA,NA,NA,NA,NA,NA,NA
23-8,23,8,FSM,72,1,2/25/2019,1,4,1.5,1.4,1.4,1.2,0,8,2/20/2019
23-9,23,9,OWC,66,1,3/10/2019,2,7,1.8,1.4,1.5,1.4,0,10,3/2/2019
23-10,23,10,MBR,87,2,NA,NA,NA,NA,NA,NA,NA,NA,NA,NA
23-11,23,11,BMP,7,1,3/4/2019,2,8.9,1.6,1.8,1.6,1.4,2,12,2/27/2019
23-12,23,12,MBR,15,1,3/7/2019,3,5.8,1.6,1.4,1.6,1,5,35,2/28/2019
23-13,23,13,EVS,44,1,NA,NA,NA,NA,NA,NA,NA,NA,NA,NA
23-14,23,14,HDM,50,1,2/25/2019,2,4.1,1.7,1.3,1.2,1.3,2,12,2/20/2019
23-15,23,15,BMP,19,1,3/1/2019,2,5.9,1.7,1.9,1.4,1.3,1,14,2/23/2019
23-16,23,16,FIR,24,1,3/3/2019,3,7.4,1.7,1.9,1.4,2,0,10,2/24/2019
